osmid,y,x
10602396,49.7500944,6.637228
10602410,49.7495184,6.6401482
10602412,49.7538613,6.6425003
10602431,49.7543476,6.64423
10602432,49.7538325,6.6458094
10602434,49.7554104,6.6475922
10602435,49.7563375,6.6485197
10602437,49.7611996,6.6352616
10602446,49.7614875,6.6468722
10602539,49.7637603,6.6506984
10602540,49.7655142,6.6542287
10602544,49.7635988,6.6570691
10602644,49.7580805,6.6492473
10602703,49.7598846,6.6447311
10602723,49.7597837,6.6447074
20833724,49.7483657,6.6533114
20833778,49.7482482,6.6445065
20833779,49.7483572,6.6439324
20833780,49.748562,6.643521
20833781,49.7487022,6.6433758
20833782,49.7489838,6.6428744
20833784,49.7485536,6.6424817
20833787,49.74828,6.6432562
20833790,49.7504129,6.6439913
20833799,49.7499935,6.6435261
20833802,49.7536988,6.6462625
20833853,49.7635988,6.6677013
20833878,49.7521293,6.6835031
20833879,49.7521304,6.6833343
20833880,49.7518482,6.6832637
20833883,49.7516616,6.6841104
20833888,49.7444947,6.6916461
20833910,49.7417182,6.6699726
20833912,49.7606792,6.642082
20833915,49.7616149,6.6379458
20833916,49.7626325,6.6368609
20833918,49.7638269,6.6350366
20833929,49.772686,6.6628426
20833954,49.7497601,6.6777795
20833956,49.75042,6.6771
20833958,49.7504295,6.6766673
20834066,49.7408459,6.6284621
20834068,49.7391275,6.6313329
20834107,49.763701,6.6344802
20834108,49.7620434,6.6330624
20834112,49.7579807,6.6337838
20834113,49.7577494,6.6347606
20834122,49.7594362,6.6422994
20834590,49.7410641,6.6190253
20835220,49.7435969,6.6674933
20835222,49.7442601,6.6680095
20909318,49.7432971,6.6855911
20909331,49.7381994,6.691412
20909334,49.7369951,6.689718
20909342,49.7371779,6.6847452
20909348,49.7416292,6.6871743
20909349,49.7422697,6.6868711
20909351,49.7429851,6.686028
20909353,49.7435388,6.6843331
20909356,49.7430412,6.6838797
20909360,49.7437177,6.6834379
20909370,49.7425861,6.6819538
20909376,49.7442746,6.6826727
20909377,49.7450265,6.6824748
20909399,49.7378239,6.6963633
20909400,49.7379269,6.6960875
20909401,49.7378797,6.6959974
20909404,49.7377164,6.6963091
20909416,49.7346419,6.705014
20909449,49.7399512,6.6735044
20909458,49.7440954,6.6610026
20909472,49.7632289,6.6594065
20909476,49.7637484,6.6609775
20909500,49.7725038,6.6687146
20909522,49.7679641,6.6576884
20909526,49.7730137,6.6661045
20909530,49.7515908,6.6449759
20909531,49.7520606,6.6453205
20909533,49.7536455,6.646522
20909535,49.7517467,6.646428
20909541,49.7562145,6.6488681
20909546,49.7552414,6.6449257
20909549,49.7551861,6.6455082
20909551,49.7546436,6.6455674
20909559,49.7569641,6.6467998
20909560,49.7579853,6.6483997
20909561,49.7584422,6.6471883
20909562,49.7577679,6.6458626
20909564,49.7578643,6.6465409
20909565,49.7593893,6.6452935
20909570,49.7577204,6.6445922
20909571,49.7567567,6.645693
20909582,49.7564751,6.6480841
20909583,49.7498018,6.6370719
20909584,49.7510144,6.6282025
20909585,49.7505552,6.631313
20909586,49.7501353,6.6344757
20909587,49.7508865,6.6314816
20909598,49.7560957,6.6366483
20909599,49.7567926,6.6343725
20909602,49.7547661,6.6364475
20909603,49.7541015,6.6363458
20909604,49.7527336,6.6365363
20909605,49.7524637,6.6362377
20909606,49.7514502,6.6353115
20909607,49.7518585,6.6345258
20909628,49.7515275,6.6410855
20909678,49.7428642,6.6658217
20909834,49.7427623,6.6661107
20909889,49.7575577,6.6445334
20909891,49.7576342,6.6461423
20965057,49.7380589,6.6958667
20965077,49.7477502,6.6502638
20965084,49.7550418,6.6514105
20965086,49.7283652,6.7028042
31941751,49.768046,6.6244992
31941773,49.7678941,6.625857
31941794,49.7674006,6.626739
31942123,49.7636742,6.6336436
33748763,49.72521,6.6275671
33748792,49.7306883,6.6267786
33748801,49.7382261,6.6285701
35486969,49.7446536,6.6251105
41103263,49.7610059,6.655974
41457279,49.7624609,6.6452939
41457293,49.7523385,6.6322658
50126212,49.730873,6.6268626
59848071,49.7448739,6.6238448
59848095,49.7403194,6.6182948
60348872,49.7724383,6.60208
60348910,49.7724652,6.6018331
60356272,49.7406348,6.6195021
60356461,49.7392304,6.6251256
60356781,49.7392194,6.6279408
60356782,49.7392188,6.6288542
60361731,49.738734,6.6286495
60361808,49.7511004,6.6281039
60363074,49.7389411,6.6293555
60365099,49.7512927,6.6282907
60365100,49.7518304,6.6282659
60365459,49.7512446,6.6281402
60366658,49.7619472,6.6332058
60366894,49.76379,6.6352154
60367617,49.7633247,6.6339567
60369867,49.7724948,6.6621022
60370846,49.7722779,6.6672243
60370847,49.7723614,6.6669292
60370848,49.7723311,6.6660724
60370851,49.7715779,6.6658007
60370857,49.7722053,6.6673071
60375008,49.7654194,6.6489667
60387828,49.7392995,6.6281452
60388202,49.7384749,6.6291602
60388330,49.7417099,6.6198501
60957312,49.7856816,6.7089258
76011155,49.7663216,6.6368832
78259131,49.7712531,6.6832995
78260103,49.7701247,6.6804374
78265692,49.7733893,6.6663951
78266450,49.7737885,6.6667469
78273822,49.7649417,6.6300743
79866946,49.7416096,6.6203135
87206700,49.7655591,6.6526314
87207023,49.7666075,6.6513187
87209201,49.7661554,6.6719736
87220845,49.7605249,6.6427413
88930909,49.7605418,6.6612696
89989804,49.7640299,6.6356422
90352989,49.7730589,6.6667079
91411742,49.7607163,6.6531757
91412562,49.7589023,6.6516066
91412565,49.7586162,6.6505794
91412568,49.7598738,6.6492126
91412570,49.7584518,6.6510664
91414808,49.757252,6.6513458
91417290,49.7576562,6.6492699
91417303,49.7572346,6.649379
91417731,49.7571098,6.6497591
101454147,49.773526,6.6049344
101454194,49.7732934,6.6045732
130330841,49.7540107,6.6451218
130372434,49.7594391,6.6392526
130482896,49.7535419,6.6421356
130482915,49.753662,6.6408962
130518145,49.7490343,6.6425701
132275261,49.7722107,6.6658163
132275273,49.7718641,6.6672418
132688569,49.7620472,6.6645218
137369321,49.748854,6.682482
139418029,49.7582983,6.6645257
139418053,49.7592342,6.6616014
139418060,49.7592058,6.6605967
177234516,49.7549946,6.6821736
177234594,49.7527609,6.6783064
177234659,49.7516977,6.6799109
177234772,49.7530346,6.6829765
194365033,49.738274,6.639703
194365364,49.7424007,6.642702
194366920,49.7388363,6.6343053
201402022,49.7826583,6.7076996
202048633,49.7465425,6.6355218
202048644,49.7493239,6.6293658
202048654,49.7495272,6.6280194
202048661,49.7490818,6.6307417
202048682,49.7475655,6.6299816
202048696,49.7483326,6.6344136
202048700,49.7507482,6.629784
202048715,49.7494638,6.6285227
202062656,49.747811,6.6290322
202087585,49.748004,6.6362142
202334909,49.7459332,6.6303459
202334913,49.7457569,6.631344
202334914,49.7454486,6.6334832
202334917,49.7470104,6.633016
202334922,49.7462926,6.6318159
202334936,49.74709,6.6325584
202918876,49.7649907,6.6265204
203112657,49.7429764,6.633837
203198558,49.744847,6.6363518
203198575,49.7446711,6.6362895
203198618,49.7440251,6.6343359
203198627,49.7452441,6.6348919
203198632,49.7462883,6.6294176
203198652,49.7458978,6.630498
203522192,49.7443427,6.6305095
203522322,49.7436084,6.6302579
203522333,49.7434573,6.6295016
203522340,49.74337,6.630187
203590522,49.7487791,6.6322055
206122804,49.7311741,6.6092274
206169040,49.7493284,6.6396797
206178456,49.7512752,6.6286228
206178458,49.7509264,6.6285068
206259358,49.7543873,6.6332236
206265752,49.7519712,6.6298819
206265753,49.7519597,6.629684
206265755,49.7511561,6.6295155
206270868,49.7362685,6.6292541
215679941,49.7659042,6.6547315
221638761,49.7419149,6.6407037
221649981,49.7398997,6.6398973
240745473,49.7585821,6.6249316
240748826,49.7582577,6.6515315
245397602,49.7845998,6.7102352
246522232,49.7523978,6.6814914
246522299,49.7516953,6.6785289
246522310,49.751356,6.6774618
246751193,49.7947809,6.7091757
246805578,49.7674956,6.624617
246805581,49.768029,6.6253023
246824011,49.7563025,6.6359546
246824012,49.7546254,6.6349632
246824013,49.7565788,6.6350635
246824014,49.7549197,6.6341581
246824016,49.7647493,6.6370363
246824017,49.765769,6.6382956
246824018,49.7668473,6.6396925
246824022,49.7651544,6.6393295
246824023,49.7638432,6.6386201
246824024,49.766236,6.6405604
246824025,49.76561,6.6413861
246824026,49.7654641,6.6415785
246824028,49.7646329,6.6402521
246824042,49.7619961,6.6376323
246824043,49.7622978,6.6381967
246827875,49.7683705,6.6465687
246827876,49.7682113,6.6461813
246828507,49.7649311,6.6442049
246834894,49.7658824,6.641933
246838043,49.7575885,6.6379873
247329119,49.7525056,6.6868952
247329186,49.7525993,6.6833577
247357596,49.754613,6.675314
247357672,49.7549196,6.6790805
247357760,49.7538706,6.6801828
247358603,49.7517348,6.6827794
247367269,49.7617853,6.6378527
247367974,49.7612042,6.6355263
247367976,49.7613211,6.6381398
247367977,49.7607191,6.6358486
247368180,49.7599288,6.6354551
247369590,49.7584021,6.6355183
247369593,49.7584578,6.6350135
247372235,49.7643434,6.6429432
247373145,49.7619657,6.6426215
247373153,49.760905,6.6413335
247375062,49.7588005,6.6330699
247375088,49.7583724,6.6326899
247375090,49.7585194,6.6322824
247384068,49.8127831,6.6908343
247384073,49.8123363,6.6898254
247384249,49.806932,6.6847365
247384318,49.790548,6.6784242
247384490,49.7637149,6.629183
247384491,49.7630664,6.6289313
247385606,49.7669622,6.6333767
247769708,49.7540418,6.6825195
248117312,49.7564719,6.6803675
248397476,49.7539572,6.6744668
248397526,49.7616972,6.6639637
248403351,49.7590655,6.6616603
248403358,49.7590024,6.6624679
251128000,49.7516885,6.6855555
251128003,49.7511964,6.6858472
251128084,49.7512451,6.6878439
251562794,49.7529328,6.6366367
253180493,49.7419178,6.6333198
253180496,49.7426424,6.6301588
253180500,49.7402564,6.6295403
253180503,49.7428092,6.6292897
253180505,49.7401976,6.6304319
253180507,49.7396029,6.631733
253180509,49.7393239,6.6301449
253180510,49.7397912,6.6342032
253180522,49.7396604,6.6347939
255282669,49.7391567,6.6242439
255704081,49.742364,6.6313012
255818246,49.7891955,6.7085081
255818253,49.7945302,6.7088124
256593959,49.7647057,6.6509826
256593965,49.7658116,6.6497422
258041253,49.7537565,6.6543301
258046227,49.7570537,6.6569808
258046234,49.7578479,6.6561537
258112235,49.7668812,6.6602214
258112360,49.7673861,6.659957
258112361,49.7677545,6.6596429
258112362,49.7679366,6.6594034
258112660,49.7678385,6.6620667
258112661,49.7681663,6.6628146
258159727,49.7688011,6.664258
258159728,49.7692782,6.66469
258160388,49.7691092,6.6650982
258161293,49.7696673,6.6637073
258161294,49.7697797,6.6634363
258161296,49.7703766,6.6627442
258161838,49.7705782,6.6653511
258162257,49.7686372,6.6623455
258162499,49.7686985,6.6610866
258163372,49.7690516,6.6618763
258166155,49.7665714,6.6584267
258171478,49.7685984,6.656979
258182208,49.7663216,6.6587229
258184216,49.7669811,6.6606856
258184403,49.7659702,6.6619239
258184699,49.7660762,6.6519754
258184726,49.7652531,6.6503609
258353131,49.7399862,6.639174
258585820,49.7411019,6.6366958
258585825,49.7412273,6.6362222
258585846,49.7421075,6.6372873
258585851,49.7409159,6.636097
258585852,49.7412029,6.6363142
258585859,49.7413652,6.635667
258585921,49.7397247,6.6399847
258585935,49.7386015,6.6401028
258845102,49.7381635,6.6352982
259021002,49.7380098,6.6442705
259021027,49.737294,6.6434198
259021028,49.737638,6.6426989
259021030,49.738058,6.6419581
259021033,49.7361292,6.6422
259021036,49.7369904,6.6431076
259021042,49.7394156,6.6465318
259021043,49.7386327,6.6451726
259021045,49.739093,6.6444665
259021051,49.7366702,6.6413342
259021054,49.7372078,6.6404882
259021057,49.7364643,6.6438841
259021064,49.7382805,6.6467131
259021066,49.7384846,6.646884
259021067,49.7392424,6.6461873
259021137,49.7393116,6.6465702
259021139,49.7382236,6.6470997
259194579,49.7346257,6.6449884
259194594,49.7373739,6.6482759
259194597,49.7367894,6.6492004
259194708,49.7310624,6.6463795
259194711,49.7323463,6.6472184
259194712,49.7329323,6.64734
259194714,49.7334838,6.6474628
259194717,49.734277,6.6481664
259194719,49.7347012,6.64848
259194725,49.7358707,6.6485617
259194727,49.7322813,6.6461439
259194729,49.7334297,6.6463638
259194739,49.7357797,6.6474293
259194742,49.7346566,6.6474735
259194760,49.7358501,6.6460206
259194763,49.7357515,6.6450194
259199301,49.7349483,6.650534
259199338,49.7356645,6.6498698
259199341,49.7355581,6.6485205
259199343,49.7358829,6.6507284
259199344,49.7358696,6.6515501
259443107,49.7432556,6.6538911
259443108,49.7410011,6.6527302
259443113,49.7432715,6.6523819
259443116,49.7435138,6.6516345
259692281,49.7621884,6.6202647
259692422,49.761055,6.6246093
259692830,49.7618903,6.6260431
259692842,49.7638742,6.629242
259813324,49.7415584,6.6743756
259813325,49.7413378,6.6742381
260336775,49.7400558,6.6933909
260402110,49.7262285,6.6297315
260402111,49.7263342,6.6299923
260770587,49.7272852,6.6281255
260770592,49.7275768,6.6269615
260770594,49.7274309,6.6269879
260770655,49.7233901,6.6281751
260770658,49.7225333,6.6282016
260770663,49.7214085,6.6275292
260770673,49.720111,6.6263885
260770674,49.7201125,6.6257391
260770679,49.7203344,6.6229983
260770682,49.7241992,6.6240144
260770687,49.7230133,6.6251183
260770690,49.7234823,6.6271331
260770695,49.7228592,6.6236971
260770701,49.721447,6.6223765
260770706,49.7223373,6.6242495
260770711,49.7193899,6.6254727
260770714,49.7201219,6.625525
260770715,49.720859,6.6262309
260770717,49.7208026,6.6252104
260770718,49.7202375,6.6248199
260770723,49.7197708,6.6245099
260770727,49.7202717,6.6246611
260770728,49.7207981,6.6242271
260770733,49.7203734,6.6239677
260770736,49.720761,6.623255
260770749,49.7282385,6.6272445
260770750,49.7282677,6.6270733
260770752,49.7292622,6.627207
260770758,49.728477,6.6272964
260770759,49.7285505,6.6278951
260770785,49.7258951,6.6284803
260770786,49.7258764,6.62877
260770791,49.7248573,6.6293545
260770798,49.7261521,6.6299165
260770857,49.7212866,6.624089
260770880,49.7200642,6.623622
260770882,49.7203786,6.6237673
260770885,49.7226547,6.62656
260770889,49.7223754,6.6281536
260770892,49.7219971,6.6269274
260770897,49.7217961,6.6248146
260770898,49.7213149,6.6245904
260770899,49.7213455,6.6265559
261722459,49.73287,6.6282335
261722475,49.7359,6.6337334
261722536,49.7373895,6.6285438
261722537,49.7371394,6.6298393
261727184,49.7270229,6.6259466
261727187,49.724144,6.626701
261727188,49.724481,6.626415
261727190,49.7253548,6.6258434
261727197,49.7266175,6.6259717
261727201,49.723881,6.626216
261727207,49.7238815,6.6280588
261727233,49.7256063,6.6252623
262000132,49.718885,6.626264
262000240,49.7134812,6.6274091
262000273,49.7184354,6.6275923
262000360,49.7225963,6.6303184
262000368,49.7217786,6.6297488
262000373,49.7189052,6.629637
262000382,49.718529,6.628136
262000396,49.7190002,6.6281396
262000400,49.7183528,6.6287599
262011117,49.7134635,6.6283495
262552212,49.7281597,6.6957844
262552345,49.7294091,6.7055324
266464231,49.80348,6.6897444
267549406,49.7608422,6.6494129
267876675,49.7228171,6.6200107
268656888,49.7506369,6.6388738
268656889,49.751074,6.6390615
269297470,49.8120815,6.6785251
269403623,49.8284035,6.7062881
270831534,49.7230901,6.6378946
272065575,49.7413631,6.6950612
272065584,49.7412539,6.6957291
272065619,49.7415993,6.6998298
272065636,49.742654,6.6998256
272065675,49.7435913,6.6997793
272065703,49.7457397,6.6989063
272065773,49.7448663,6.7016396
272065791,49.7439423,6.7018825
272065838,49.7416237,6.7026425
272065860,49.7431559,6.7013768
272065877,49.7414513,6.7023078
272065906,49.7414286,6.6999647
272065909,49.7406858,6.7002856
272065918,49.7398993,6.6971491
272065951,49.7407775,6.6961578
272237219,49.7595725,6.6454994
272238182,49.7633659,6.6512026
272238187,49.7626932,6.6518828
272238188,49.7618906,6.6515346
272240191,49.7625566,6.6536302
272240635,49.7622598,6.6502611
272246796,49.7613905,6.6509452
272249178,49.7677906,6.6388445
277265201,49.7685015,6.6587372
277278472,49.7403536,6.7005221
277278476,49.7407479,6.7026193
277279455,49.7400387,6.7006783
277282522,49.7314207,6.7043438
277282552,49.7348421,6.7110855
277282553,49.7360001,6.7103914
277282558,49.7366115,6.7127225
277282612,49.7445742,6.701108
277282616,49.746628,6.6996571
277282621,49.7395952,6.7013018
277282622,49.739227,6.6980571
277282623,49.7387318,6.6990629
277381495,49.7363558,6.6884851
277381508,49.7344783,6.6867493
277381511,49.7359789,6.6866704
277381516,49.7334662,6.6859997
277381595,49.737171,6.683979
277381598,49.7363838,6.6828297
277381607,49.7363134,6.6854234
277381611,49.7375773,6.6827762
277381616,49.7367433,6.6832518
277381620,49.7369297,6.6823732
277381639,49.7356544,6.6843943
277381649,49.7346799,6.6843882
277387021,49.7385111,6.6854463
277387052,49.7370529,6.6873587
277387056,49.7379793,6.6849943
277387073,49.7391831,6.6859668
277387080,49.7398166,6.6865202
277387093,49.7415029,6.6863742
277387098,49.7419804,6.6858737
277731281,49.7309186,6.6879055
277731293,49.731652,6.6865366
277731294,49.7312087,6.6880059
277731299,49.7311746,6.6865324
277731341,49.7401817,6.6889028
277731347,49.7414128,6.6885242
277731354,49.7397088,6.6877208
277731360,49.740345,6.6879455
277731364,49.7401683,6.6898122
277731365,49.7407915,6.6888329
277731366,49.7407846,6.6895512
277731367,49.7414142,6.6892034
277731372,49.7416382,6.6881724
277731375,49.742032,6.6882372
277731385,49.7425451,6.687772
277731436,49.7354993,6.706606
277731447,49.7348375,6.7062259
278557811,49.7363163,6.706279
278557813,49.7364024,6.7073205
278557816,49.736916,6.7072687
278557820,49.7393694,6.7034723
278557823,49.7356221,6.7074025
278582513,49.7364146,6.7092195
278582528,49.7355621,6.708923
278582533,49.7362247,6.7090285
278582545,49.7368363,6.7107296
278582575,49.7348676,6.709146
278582577,49.734439,6.7095664
278582580,49.7341442,6.7097817
278582584,49.7345265,6.709909
278582585,49.7352567,6.7093876
278582587,49.7344596,6.7070776
278582589,49.7347009,6.7082651
278582591,49.735328,6.7079106
278582594,49.7356032,6.7078334
278582605,49.7358982,6.7079536
278582611,49.7357957,6.7073913
278582634,49.7393982,6.7023152
278582635,49.7390765,6.7022472
278582700,49.7401742,6.702976
278586423,49.7358114,6.7046027
278586425,49.734452,6.7112505
278586787,49.7367969,6.70626
279750354,49.7766619,6.6113584
279752664,49.7663567,6.6309434
279803147,49.7575727,6.635607
279803660,49.7623032,6.6330184
279813958,49.7605442,6.650014
279813964,49.7655784,6.6453845
280231595,49.7283022,6.692409
281525508,49.7629394,6.6522533
281525990,49.7670732,6.6478119
281761263,49.7531136,6.6490863
281768850,49.7516042,6.6476297
281804446,49.7529294,6.6496935
281807727,49.7530178,6.6494108
281807729,49.7538194,6.6515278
281808123,49.7538432,6.6531038
281809648,49.7525617,6.6491619
281811311,49.7515116,6.6506743
282041339,49.7418787,6.6683998
282041340,49.741859,6.6685838
282041421,49.74984,6.6456053
282041422,49.7500261,6.6449583
282041423,49.7499326,6.6452732
282041426,49.7491304,6.6466259
282041431,49.7478176,6.6459416
282041432,49.7488593,6.6467609
282041435,49.7502993,6.649474
282041436,49.7500318,6.6500563
282041448,49.7480605,6.6452192
282183146,49.7501551,6.6497567
282183201,49.7520839,6.652874
282183408,49.7523714,6.6520875
282301804,49.7213818,6.5864655
282301836,49.7210061,6.5863443
283171112,49.7503788,6.6501868
283171113,49.7526527,6.6512166
283171116,49.7470082,6.6454358
285606937,49.7190835,6.581247
285606976,49.7125271,6.5874096
285607033,49.7139196,6.5853714
285607044,49.7139775,6.5865787
285607056,49.7146366,6.5887239
289374646,49.7524325,6.6640412
289374649,49.7521379,6.6635631
289374921,49.7444805,6.661267
289374949,49.7449901,6.6614108
289374968,49.7555118,6.6671966
289516384,49.7460562,6.6906118
289518741,49.7502505,6.6869977
289518761,49.7512579,6.6868935
289518850,49.7498491,6.6898716
289518855,49.7490842,6.6879973
289518897,49.7489461,6.6890527
289518963,49.7495245,6.6890693
289519047,49.7534834,6.6843547
289519049,49.7533833,6.6837196
289519111,49.7526075,6.6857579
289519169,49.7528669,6.6851228
289519242,49.7524598,6.6844487
289519314,49.7544563,6.6833203
290304549,49.7599172,6.6599305
290304560,49.7605515,6.6566555
290385622,49.8297107,6.7062028
290385647,49.8319411,6.7086619
290451286,49.7594302,6.6581821
290451289,49.7575384,6.6577282
290451295,49.7585807,6.6599611
290451299,49.7600567,6.6602786
290451316,49.7625596,6.6605099
290451318,49.7619236,6.6618697
290451326,49.7632103,6.6625919
290451715,49.7410895,6.6963561
290451787,49.739542,6.6818288
290672295,49.7568744,6.6561153
290672297,49.756768,6.6563745
290672298,49.7565569,6.6561294
290803775,49.7917701,6.6887555
290803778,49.7918971,6.6887435
290803888,49.8243797,6.7069721
290803890,49.8242446,6.7060113
290803896,49.8241918,6.7055652
290803904,49.8250173,6.7055013
290806759,49.8172402,6.6982266
290806763,49.8159696,6.7000517
290831094,49.7422247,6.6686645
290831503,49.7383463,6.6728914
290985120,49.7545365,6.6999102
290985144,49.7532868,6.7001493
290986156,49.7434045,6.6996782
290986258,49.7428301,6.7001435
290986279,49.7428826,6.7003178
290989560,49.7424687,6.6875272
290989573,49.7428967,6.6871665
292256497,49.7612726,6.627402
292256499,49.7604214,6.6249056
292256500,49.7608551,6.6270548
292286003,49.7616541,6.6265086
292286017,49.7612694,6.6261011
292635505,49.7503461,6.6766641
292635514,49.7503374,6.6771321
292635605,49.7532888,6.6744102
292635617,49.7536861,6.6749399
293425914,49.7655676,6.6728676
293426096,49.7633305,6.6583741
295143608,49.8137029,6.6801417
295985903,49.7637298,6.6358045
296247259,49.7711341,6.6536427
296247260,49.7712482,6.6536052
296909620,49.8348343,6.7107044
297102334,49.7806883,6.6675871
297102392,49.7793028,6.6644768
297102405,49.7795431,6.6631844
297105402,49.7791736,6.6664771
297105403,49.7791936,6.6667686
297105404,49.7789972,6.666634
297105413,49.7808522,6.6678923
297105416,49.7812073,6.669781
297105432,49.7834498,6.6710356
297105464,49.7814591,6.6687823
297105481,49.7865339,6.6732255
298123502,49.7642751,6.6501971
300014881,49.7521281,6.6303258
300014886,49.752615,6.6289975
300014888,49.752783,6.6282683
300014890,49.7537893,6.6284726
300014892,49.7535992,6.6294461
301145458,49.7663298,6.63002
302048803,49.7376661,6.6283438
303343021,49.7662249,6.6250443
303959869,49.7544948,6.6721587
303959973,49.7549123,6.6727182
312973971,49.7829111,6.7079533
315003644,49.7627882,6.6557435
315003647,49.7622871,6.6552064
315003656,49.7539003,6.6463759
315003663,49.7537692,6.6460321
318305751,49.7540406,6.6449133
318305756,49.7535987,6.646204
318305759,49.7535683,6.6464545
318305763,49.7535147,6.6471562
318305766,49.7535707,6.6469358
318550725,49.7679271,6.6234222
318675680,49.7609756,6.6355594
319621300,49.7493067,6.676171
320554259,49.7665769,6.6248826
320554262,49.7663936,6.6249051
320700487,49.7607019,6.6616556
321330319,49.7113915,6.56167
321745322,49.7243525,6.6285156
322005561,49.750049,6.6351773
322011238,49.7392087,6.6293849
322903393,49.7558086,6.6815908
330446321,49.7534217,6.6293676
330634094,49.7910949,6.7091062
330634139,49.7894361,6.7085727
330866498,49.7486544,6.6585644
331184456,49.7667524,6.6176748
331318140,49.7428962,6.6285925
332649729,49.7633359,6.6208613
335919460,49.7464331,6.6493422
340108650,49.7647162,6.6634609
340108653,49.7653518,6.6626877
340108660,49.7653931,6.6650396
340108706,49.7648534,6.6597101
343376374,49.7429757,6.6215682
343598694,49.7581763,6.6494102
343599130,49.7606372,6.6429583
343599412,49.757938,6.6491697
343599654,49.7579457,6.6487992
343599680,49.7582112,6.6489271
343600047,49.762713,6.6558442
343600057,49.7638039,6.6566591
343600240,49.7634549,6.656728
344105848,49.7594594,6.6457972
344105862,49.7597013,6.6459805
344111339,49.7609043,6.6356397
344111833,49.7616122,6.6375724
344114270,49.7595671,6.6391705
344115654,49.7594346,6.6390157
344120600,49.7586913,6.6349744
344133253,49.7528156,6.6416811
344133275,49.7526015,6.6425404
344308854,49.7581581,6.6401733
346266322,49.7384144,6.6289054
354422206,49.7405264,6.6198664
354422221,49.7408739,6.6206891
354422223,49.7411538,6.6202526
354422238,49.7414981,6.6195675
357179201,49.7569539,6.6155243
357179203,49.7569715,6.615042
360385776,49.8224186,6.7020906
360385789,49.8256674,6.703882
360727554,49.7412531,6.6308537
360727557,49.7410153,6.6328072
361086915,49.7637068,6.6575163
364074910,49.8158965,6.67839
368345642,49.7348122,6.6940581
368345972,49.7338804,6.6941963
369042978,49.7996142,6.6838506
369045692,49.8078304,6.6874482
371483494,49.7877583,6.7235971
371483496,49.7849781,6.7090995
371483502,49.7855089,6.7099773
371483505,49.7854959,6.7100524
371483517,49.7861707,6.7122019
371483539,49.7876282,6.721355
371483540,49.7876492,6.7226851
371483568,49.7879015,6.708285
371483580,49.7868421,6.7100601
371483730,49.8181793,6.7036511
371483745,49.8190721,6.7038221
371483752,49.8187877,6.7010446
371483762,49.8203988,6.7026636
371483797,49.8200138,6.7058491
371483828,49.8253827,6.7077898
371483833,49.8263067,6.7076581
375980336,49.8225427,6.7021585
379547003,49.7691676,6.683658
379547047,49.7698688,6.6799023
379547051,49.7693592,6.6787963
380401585,49.7867866,6.7115371
380401587,49.7875622,6.7117187
380401588,49.7885572,6.7126782
380401589,49.7886929,6.7129023
380401592,49.7879151,6.7143786
380401598,49.7879387,6.7140473
380401599,49.7899076,6.710528
380401600,49.7907795,6.7090463
380401601,49.7880137,6.7108524
380401602,49.7889082,6.7094357
380401603,49.7875153,6.7105286
380401604,49.7884563,6.7089668
380401616,49.7856625,6.7113813
380401617,49.7846651,6.7126893
380401621,49.784662,6.7141602
380401622,49.7839595,6.7115769
380401623,49.7840995,6.7119245
380401625,49.7850519,6.7153974
380401626,49.7852322,6.7160132
380401627,49.785331,6.7163193
380401630,49.7856261,6.7173441
380401635,49.7873188,6.7172726
380401640,49.7887872,6.7194543
380401647,49.7865414,6.7171461
380401649,49.7844725,6.7122225
380401652,49.7850318,6.713328
380401654,49.7848937,6.7115244
380401657,49.7865535,6.713453
380401665,49.7869245,6.7146165
380401672,49.7835043,6.7138341
380401673,49.7832068,6.7131582
380401674,49.7840113,6.7134953
380401676,49.7827468,6.7141707
387629982,49.8102944,6.689178
387629988,49.8104825,6.6897738
387629996,49.8130587,6.6928461
387629997,49.8110715,6.6905849
387629998,49.8114285,6.6899484
387629999,49.8095755,6.6914465
387630007,49.8134822,6.6918319
387630020,49.8168061,6.698876
387630022,49.8149758,6.6952954
387630026,49.8158086,6.6977897
387630029,49.816846,6.7012535
387630035,49.8170393,6.6985287
387630036,49.819292,6.7004495
387630050,49.8228583,6.7032589
393391346,49.7871339,6.7199137
393391347,49.7865882,6.7201377
393391351,49.7859843,6.7188607
393391354,49.7854737,6.7193947
393391355,49.7856646,6.7186304
393391364,49.7863513,6.7228242
393391376,49.7862594,6.7214994
393391378,49.7865297,6.7227879
393391380,49.7870776,6.7243024
410630936,49.7129292,6.6270086
411019446,49.7707337,6.6478584
442442987,49.7612091,6.6245503
442442988,49.7599238,6.6239258
458278387,49.7384689,6.6286167
458278462,49.7419765,6.620204
458973780,49.7598846,6.6252711
469788268,49.7645519,6.6302831
471775849,49.7829058,6.6718617
474386477,49.7423538,6.6222302
478929767,49.7903578,6.6783234
478935648,49.7908886,6.6775866
478935752,49.7904191,6.6773229
482373525,49.7429116,6.6851669
510618509,49.8042829,6.6837709
510618536,49.8035033,6.6853486
524453883,49.7632237,6.6628751
524453901,49.7889891,6.7119319
524453910,49.7905674,6.7117239
536362396,49.7988508,6.6873297
537506263,49.8031283,6.6836412
564725714,49.7992219,6.6835529
564725715,49.7988988,6.6848818
566055315,49.7898101,6.6888159
566175628,49.7911006,6.677074
566175629,49.7917851,6.6790342
566175630,49.7921089,6.6778537
566175631,49.7919287,6.6784491
566175632,49.7908563,6.6776666
566175633,49.7915709,6.6774751
566175643,49.793246,6.6776799
566175674,49.7935819,6.6786831
566618183,49.7965205,6.6815532
566618185,49.7967752,6.6807309
566618213,49.7988615,6.682325
566679810,49.7966295,6.6816211
566680431,49.7982524,6.6828335
571363017,49.7918245,6.6894627
571363040,49.7941391,6.6891649
581797818,49.7139469,6.5869994
581797826,49.7136625,6.5873065
581797890,49.7142764,6.5882504
581800266,49.7140652,6.5868546
581947880,49.7601822,6.6424929
609237854,49.7692896,6.6455006
609237895,49.7702016,6.6482798
626976908,49.7561222,6.6680451
639680497,49.7447298,6.6862013
639680646,49.7435303,6.685912
685789556,49.7418973,6.6545099
697187135,49.7391654,6.6299629
701532282,49.8206815,6.701702
701539084,49.8195628,6.7016805
701539089,49.8196257,6.7040178
702971891,49.8265603,6.6999655
709006460,49.8116193,6.6887191
728858972,49.7712238,6.6541803
731226365,49.7713359,6.6541436
774055179,49.7541882,6.6415182
907930338,49.7445277,6.6809881
907930343,49.7464021,6.67875
976899384,49.761841,6.6545633
977712074,49.7372661,6.6889511
979486510,49.7510831,6.6814498
980675772,49.7382105,6.6905888
1019184906,49.740062,6.6772238
1019185202,49.7400897,6.6760056
1019185206,49.7408195,6.6747923
1019185240,49.7407178,6.6731766
1019185562,49.738809,6.6777216
1019185856,49.738945,6.6768016
1102913770,49.7324169,6.7110594
1259617361,49.8261691,6.7064621
1259617370,49.8255819,6.7064696
1262398187,49.79217,6.6675724
1287850248,49.7586884,6.6387777
1287875227,49.7390425,6.631263
1287875755,49.739163,6.6310247
1287875766,49.7393212,6.631498
1314112164,49.7351538,6.7122501
1323653535,49.7464057,6.6286463
1345785717,49.7245102,6.6282828
1350114357,49.7919822,6.6885393
1350114370,49.7916717,6.6884671
1350114399,49.7919513,6.6894062
1350114435,49.7920823,6.6895995
1360806650,49.7722305,6.6679852
1368987650,49.7639063,6.6296903
1368987661,49.7640014,6.6297745
1384066168,49.7635498,6.6571933
1395188125,49.7583896,6.6349156
1403856489,49.7585352,6.6511481
1403856534,49.7587577,6.6510628
1404923171,49.754261,6.6431945
1404923178,49.7543057,6.6431121
1404923529,49.7561052,6.6556625
1404923743,49.7569023,6.6456649
1404924146,49.7591078,6.6584231
1404924151,49.7591658,6.6585449
1405790813,49.7501237,6.6438647
1413474064,49.7527219,6.6281739
1417402030,49.7573855,6.6395677
1428980910,49.7504627,6.6396383
1439641257,49.80469,6.6839215
1446355178,49.7537777,6.6466497
1468409280,49.7814003,6.6346163
1476476061,49.7511305,6.6764798
1501361851,49.7519162,6.6357609
1501361875,49.7524236,6.6363288
1501483021,49.8114263,6.6803608
1501483036,49.8123924,6.6788104
1521536370,49.742652,6.6763246
1540687117,49.7590109,6.6419368
1547516144,49.7546403,6.6162977
1550214775,49.8235133,6.704634
1550214782,49.8241673,6.7053655
1556919323,49.7577747,6.6503998
1556919325,49.7575227,6.6506066
1556919359,49.7596027,6.6424797
1561307196,49.7662801,6.6377052
1561307374,49.7356688,6.6310409
1561307415,49.7339621,6.6297396
1561307491,49.7338637,6.6323736
1561307558,49.7336292,6.6297004
1561307559,49.7359172,6.6304518
1561307571,49.7661045,6.637649
1561307718,49.7646299,6.6358705
1561307726,49.7232487,6.6208979
1585928057,49.7594601,6.6590084
1585928355,49.763179,6.6690259
1586344101,49.7263369,6.5998035
1591146355,49.7925795,6.6826244
1591469141,49.7549832,6.6537524
1591469458,49.7575009,6.6576895
1591469489,49.7587705,6.6592467
1600176507,49.7636398,6.6294707
1600176513,49.7640357,6.6293018
1604084494,49.7408705,6.6189555
1604084534,49.741078,6.6191813
1610342531,49.8159598,6.6941351
1610342558,49.8156658,6.6951711
1620783442,49.7520157,6.6320708
1622441974,49.7634709,6.6339294
1622442300,49.763639,6.6337653
1622444428,49.7645218,6.6359543
1623976380,49.7675398,6.6409212
1628520535,49.7835955,6.6728913
1632957356,49.7882892,6.6743188
1643366299,49.7380234,6.6866608
1644537162,49.7367878,6.6831606
1644537411,49.7371696,6.6860935
1644537447,49.7372435,6.6838702
1651812518,49.7390661,6.7022303
1651812523,49.7394019,6.7022314
1651827144,49.7579319,6.6348744
1651827294,49.76133,6.6361964
1651849911,49.761848,6.6334354
1653210776,49.7453553,6.6993489
1657359995,49.7441707,6.6998208
1670811676,49.7664561,6.6248553
1707320075,49.7445495,6.6620173
1707321380,49.746999,6.6825377
1710153198,49.7606197,6.6648272
1714748902,49.7272889,6.6282621
1714748951,49.7272962,6.6274749
1721968841,49.7831613,6.7066457
1725310291,49.7445002,6.6308911
1726511330,49.7576673,6.644169
1726651316,49.7396177,6.6295631
1728046070,49.7449913,6.6364061
1728048221,49.7480185,6.6379136
1728222809,49.7857045,6.7209549
1729098111,49.7264353,6.6301019
1780646683,49.7578772,6.6517326
1780669042,49.7881169,6.7108731
1807478992,49.7953478,6.7102412
1808485095,49.7956477,6.7107704
1824876264,49.7637849,6.6688533
1824876269,49.7644404,6.6693152
1824876270,49.7644073,6.6681333
2031731390,49.7715383,6.6653852
2031731474,49.7717603,6.6656601
2031731977,49.7734218,6.6704611
2080229194,49.7220021,6.6259626
2080229199,49.7213308,6.6255305
2083201041,49.7604118,6.6430982
2097993617,49.7704184,6.6481641
2105501089,49.7603883,6.6428343
2108520129,49.7584278,6.6394248
2108520138,49.7592406,6.6395841
2108520139,49.7591699,6.6392118
2116549155,49.7442064,6.63127
2132493545,49.7435255,6.684895
2153297318,49.7652122,6.6537915
2295467699,49.7330353,6.6487866
2302524086,49.7390794,6.6767162
2302524141,49.7396661,6.6772175
2329771574,49.7632571,6.6338927
2361045688,49.7535149,6.6826282
2377494247,49.8185826,6.6999639
2378537352,49.8190495,6.7007993
2378537355,49.8192093,6.7003784
2378537362,49.8199508,6.705272
2384729476,49.8253921,6.7084526
2417062786,49.7673157,6.6581939
2435492166,49.7676975,6.638926
2456850944,49.7390894,6.630871
2456850951,49.7388292,6.6311038
2598271997,49.7448639,6.6362073
2604850303,49.7605694,6.6423498
2728287914,49.7539517,6.6284077
2760649990,49.737192,6.6136951
2824236802,49.7383805,6.6284512
2824236809,49.7384702,6.6289746
2824236812,49.7386185,6.6284687
2883117721,49.7519491,6.6412251
2896006470,49.8038064,6.687221
2897253810,49.7616041,6.6382944
2897266366,49.7604656,6.6429993
2905556124,49.7583163,6.6509301
2905556125,49.7583161,6.6514044
2927293912,49.7300667,6.7064144
2950460634,49.8240834,6.7046639
3124227249,49.7289329,6.6952352
3124363628,49.7300861,6.7035664
3212415597,49.7492736,6.6400603
3221626900,49.7940056,6.6891572
3221646920,49.8085407,6.6848921
3221646928,49.8112197,6.6893412
3223010294,49.7449277,6.6286106
3233907012,49.7261487,6.630938
3234185690,49.7405052,6.647576
3236607063,49.7376766,6.6961515
3238005294,49.7502641,6.6441227
3238005295,49.7503202,6.6439699
3253570352,49.7270655,6.6270468
3253570353,49.7303842,6.6266582
3254825985,49.769983,6.6492064
3254826012,49.7686512,6.646039
3254826020,49.7697671,6.6485397
3254826023,49.7688133,6.6462855
3255219365,49.7684472,6.6464888
3255219368,49.7687061,6.6462725
3255219369,49.7687636,6.6464211
3255265239,49.767164,6.6393776
3255265242,49.7669745,6.6391204
3258102293,49.7649394,6.6296911
3258309960,49.7617259,6.6331509
3258357802,49.7586179,6.6312462
3258357805,49.7588513,6.6314207
3258357818,49.7587793,6.6313677
3258357821,49.7586104,6.632038
3258357826,49.7587116,6.631569
3274396662,49.7573464,6.6499911
3274396666,49.7577936,6.649988
3296339871,49.8173749,6.7000561
3296383656,49.8183961,6.6996073
3296383658,49.8182031,6.6990514
3296386863,49.8183052,6.6996474
3296399863,49.8166527,6.7040484
3296399869,49.816707,6.7028509
3296399870,49.8161011,6.7036275
3296399875,49.8165525,6.7035417
3296399877,49.8164824,6.703484
3307717603,49.7933653,6.6798512
3307717615,49.7962955,6.6828742
3307717620,49.7963495,6.683623
3307821765,49.7617328,6.6378827
3310626162,49.7635935,6.6356162
3310884770,49.7536549,6.6459573
3310884774,49.7534274,6.6461206
3312613110,49.7650399,6.6544385
3317653534,49.7577234,6.6344405
3317653535,49.7576655,6.6347154
3317653540,49.7575083,6.634637
3317653543,49.7570445,6.6344973
3317653545,49.7576416,6.6348375
3317653546,49.7577306,6.634882
3320212318,49.7651675,6.6299278
3324085541,49.7633779,6.6596187
3328610208,49.7504036,6.6351405
3328610212,49.7506151,6.6349017
3328610214,49.7509109,6.6349813
3328610215,49.7504466,6.6348064
3328610218,49.7504674,6.6346471
3328619455,49.7501465,6.6372412
3356734231,49.7576493,6.6500579
3356734232,49.7576573,6.6502903
3363412424,49.7599139,6.6512178
3364334981,49.7608621,6.6725117
3364354803,49.7636073,6.6672777
3364354815,49.7634084,6.6673363
3365662814,49.7518311,6.6418326
3396761451,49.7563925,6.6389306
3404170489,49.7444108,6.6311625
3404171995,49.7443654,6.6313923
3433358640,49.7576183,6.6350722
3433358645,49.7574862,6.6347642
3433390208,49.7194615,6.6265202
3433390240,49.7194677,6.62754
3467839287,49.7593592,6.642497
3500881553,49.7318249,6.6076654
3500881561,49.7321114,6.6073385
3500881562,49.7325847,6.6079626
3500881566,49.7320358,6.6072467
3500881570,49.7317304,6.6071111
3500881571,49.7318491,6.6078075
3500881574,49.7319503,6.6074026
3500881575,49.7320209,6.6074944
3500881581,49.7322146,6.6077454
3500881586,49.7317249,6.6079492
3501606522,49.7443876,6.6922065
3501606532,49.7442793,6.6918122
3501606534,49.7439356,6.6920599
3501606539,49.7443664,6.6917494
3501606555,49.7444648,6.6920892
3517382850,49.7717551,6.6122612
3517382878,49.7722468,6.6117994
3517382880,49.7719902,6.6114388
3517382885,49.7723975,6.6119052
3517391815,49.7770738,6.6100128
3541688798,49.7529778,6.63258
3541688803,49.7507328,6.6281201
3637739003,49.7381122,6.6976538
3664676338,49.7652126,6.6541164
3680234929,49.756765,6.6381331
3683003822,49.7653718,6.648941
3683366559,49.763226,6.6596036
3702183950,49.7644027,6.6432057
3702183953,49.765861,6.6458578
3702183957,49.7657326,6.645642
3755316673,49.7980123,6.6835767
3768804335,49.7406428,6.6729498
3771453045,49.773426,6.6701373
3799434813,49.7574803,6.6447509
3806668076,49.7647644,6.669462
3824573783,49.7586136,6.6415715
3889178192,49.7616008,6.6384379
3899326299,49.7410886,6.6688247
3912371989,49.7957758,6.7142677
3914290653,49.7445498,6.630032
4060225100,49.765408,6.6436039
4060225101,49.7649497,6.6442389
4061347867,49.7473083,6.633269
4061347869,49.7471714,6.6330866
4083222900,49.7341242,6.6315365
4102811116,49.7491503,6.6408398
4189002641,49.7706106,6.6504137
4241031627,49.7557692,6.6469261
4395397521,49.744815,6.7015853
4398492311,49.8144389,6.6962451
4398492325,49.8135026,6.6940655
4398492326,49.8128972,6.6960133
4398492331,49.8145042,6.6933798
4398492337,49.8141541,6.6943482
4398492341,49.8127845,6.6937556
4398492354,49.8098655,6.691867
4398492357,49.8138121,6.6954285
4398492359,49.8127139,6.6937227
4398492364,49.8152472,6.6990321
4398612754,49.7664663,6.6458221
4398612756,49.7668176,6.6449065
4418656401,49.8071904,6.6892302
4445323970,49.7585749,6.6443533
4471382892,49.7296405,6.6971817
4477022275,49.7979208,6.684168
4498334296,49.772181,6.6106071
4498339054,49.7723367,6.6021364
4498339069,49.7722122,6.602861
4498339080,49.7719272,6.6049605
4498349988,49.7728384,6.5992698
4498350089,49.772512,6.6011223
4498357566,49.7732495,6.5968658
4507126346,49.7217601,6.6286725
4510755289,49.7649708,6.6458948
4517966201,49.7666236,6.6451345
4517966202,49.7662721,6.6444923
4539513652,49.8074433,6.6851042
4539513655,49.8101956,6.6814322
4539513683,49.813021,6.6767324
4571982632,49.7514492,6.6393492
4576828756,49.7664619,6.6448391
4580718633,49.7436589,6.6554235
4580723673,49.7409212,6.6725092
4580723676,49.7410575,6.67245
4580723678,49.7407236,6.6728633
4580723688,49.7410616,6.6718306
4580724889,49.7410668,6.6726004
4647216955,49.7584723,6.6804606
4647216959,49.7568331,6.680981
4647216962,49.755352,6.6819313
4684642158,49.7544962,6.6997587
4699935197,49.8168528,6.6949269
4703908144,49.8235602,6.7063066
4846543455,49.758581,6.6504631
4868397400,49.7566334,6.6380859
4873291610,49.7345096,6.6498756
4914344626,49.7239895,6.6287228
4914344637,49.7244278,6.629369
4914344642,49.7245012,6.6294925
4914363816,49.7225343,6.6201599
4914380323,49.7226128,6.6201666
4914380325,49.722618,6.620074
4914380330,49.7226449,6.6203597
4914380338,49.7227151,6.6201451
4948833922,49.7617476,6.6547339
4953709078,49.8174395,6.6978869
4954475561,49.8176405,6.6981969
4988568531,49.8089158,6.6828552
5014424859,49.750927,6.6849827
5026682029,49.7457869,6.6332562
5026682030,49.7454874,6.6332127
5057849807,49.758506,6.6386598
5057849813,49.7585712,6.6388979
5071256201,49.7302897,6.6276903
5071256205,49.730367,6.6276404
5071256208,49.7304553,6.6279511
5071256212,49.7304924,6.6281981
5071256218,49.7305342,6.6274629
5071256323,49.7305776,6.6271142
5071256327,49.7306607,6.6271002
5071256329,49.7306651,6.6265885
5071256337,49.7307897,6.6266383
5096243788,49.753186,6.6758061
5110080804,49.740617,6.6186237
5110080806,49.7406739,6.6185098
5142890216,49.7549636,6.6788887
5142890219,49.7552935,6.6789639
5142890326,49.7554238,6.6790717
5172520093,49.7329686,6.6969033
5172520094,49.7329674,6.697292
5172520109,49.733714,6.6980459
5172521423,49.7343105,6.698495
5172521425,49.7343467,6.6983946
5172521431,49.7344767,6.6987223
5172521444,49.7351027,6.6990678
5172521450,49.7356397,6.6995035
5172521454,49.7358862,6.6987433
5172521459,49.7361317,6.6998497
5172521462,49.7363761,6.6991469
5172521464,49.73652,6.7001447
5172521501,49.7372035,6.6975859
5172636164,49.7380355,6.6994701
5172636196,49.7382231,6.6980751
5172636203,49.7382361,6.6984487
5172636213,49.7383049,6.6980189
5172636216,49.7383457,6.6984885
5172636222,49.7384215,6.6980723
5172636223,49.7384527,6.698381
5172636226,49.7384761,6.6982372
5172636248,49.7388234,6.6976489
5172636293,49.7410131,6.6941875
5172636304,49.7411861,6.6946017
5172636310,49.7412669,6.6945092
5172636311,49.7413119,6.6948374
5172636320,49.7413866,6.6948755
5172636322,49.7413955,6.6943593
5172636355,49.7409719,6.6948667
5181247049,49.7340894,6.7049875
5181247058,49.734332,6.7051363
5181247062,49.7343779,6.7053428
5181247067,49.7344421,6.7054656
5181247072,49.7344767,6.7053736
5181900329,49.7301844,6.7078278
5181900349,49.7302919,6.7109406
5181900486,49.7362198,6.703792
5181900494,49.7364956,6.703761
5181900496,49.7365277,6.7043469
5181900497,49.7365285,6.7041284
5188754889,49.7715063,6.6128509
5217907266,49.7176943,6.6278164
5217907276,49.7192935,6.6284696
5280349327,49.7437074,6.6545817
5280349342,49.7437721,6.6546504
5280349349,49.7441035,6.6538364
5287291450,49.7430263,6.6858673
5287291457,49.7432205,6.6854974
5287291461,49.7434709,6.6852665
5287291513,49.7371042,6.6899483
5287291961,49.7352603,6.6944277
5287291965,49.7377464,6.6910212
5287291969,49.7351972,6.694357
5287291982,49.734848,6.6951062
5299239999,49.7262396,6.6305561
5299242349,49.7260679,6.6309226
5299242351,49.7203158,6.6218309
5301033084,49.8082775,6.6837375
5301033085,49.8079264,6.6841686
5305250272,49.7676249,6.6641257
5316911380,49.7492042,6.640605
5317051538,49.7653809,6.6540536
5317051546,49.7652472,6.6542589
5320204501,49.7576009,6.6502443
5347156659,49.735557,6.7088267
5356864579,49.7305372,6.6857184
5448682055,49.7485684,6.6447708
5459593591,49.7324137,6.6080028
5518705177,49.7882622,6.7214186
5879268154,49.7654023,6.635702
5918653976,49.7686578,6.6448289
6201323394,49.7519447,6.6243829
6449281542,49.7758126,6.68163
6449281569,49.7759312,6.6823067
6462152431,49.7678482,6.6393728
6566849020,49.7392918,6.6295157
6594715750,49.7785492,6.6636566
6594715760,49.7787427,6.6636821
6594715765,49.779321,6.6645449
6594844386,49.7818246,6.6716721
6595074204,49.8193062,6.7048154
6674020549,49.7408579,6.6460593
6674020555,49.7409277,6.6459929
6674020561,49.7412627,6.6457468
6786608550,49.795104,6.716075
6827641965,49.7227071,6.6298543
6828390278,49.772013,6.6026229
6923618609,49.7372307,6.6131882
6935618785,49.7577627,6.6437607
6935618793,49.7577462,6.6436879
6936012705,49.7619714,6.6547631
6939299307,49.8084874,6.6863323
6939299322,49.8085391,6.6859112
6942764100,49.7596479,6.6259917
7093441387,49.8089833,6.6882303
7371334789,49.7680915,6.642474
7741552921,49.752149,6.6244295
7741552922,49.7521394,6.6245374
7741552932,49.7519368,6.62451
7889437808,49.7588641,6.6312572
7896470724,49.7883688,6.6756986
7896470727,49.7884841,6.6758177
7896470730,49.7904421,6.6769239
7896470731,49.7882328,6.6755582
7924787893,49.8093005,6.6825984
7924787912,49.8098332,6.6817602
8012890918,49.7369425,6.6985021
8012890919,49.7372047,6.698463
8349773300,49.7398013,6.6341503
8378667787,49.8163983,6.703865
9007656830,49.7617941,6.6705689
9051264525,49.7587696,6.6316395
9051264526,49.7590135,6.6315434
9051264531,49.7622347,6.6333257
9051264542,49.7671798,6.6397749
9067057054,49.7621313,6.6331045
9177598456,49.7516828,6.6244373
9265904912,49.7523432,6.624501
9439977299,49.7175306,6.6309368
9439977300,49.71736,6.6308123
9439977302,49.7163183,6.6302836
9439977303,49.7164551,6.6303737
9439977304,49.7163782,6.6300912
9439977306,49.7181879,6.6325593
9439977307,49.7175739,6.6324273
9439977309,49.7169743,6.6320668
9439977311,49.7164587,6.6315055
9439977313,49.7160586,6.6311171
9513937746,49.7640352,6.6455144
9513937760,49.7640718,6.6452981
9513937811,49.7660971,6.6457976
9513946027,49.7680462,6.6462178
9514094942,49.7138706,6.5863533
9519110452,49.7625392,6.6453411
9577302141,49.7430547,6.6776621
9588383707,49.7635025,6.6686016
9588386621,49.763459,6.6674047
9588480689,49.7527123,6.6762603
9588488758,49.7413467,6.6743503
9588488793,49.7445683,6.6926888
9588488833,49.7458883,6.6903143
9588488834,49.7459608,6.6902376
9588526325,49.7508775,6.676957
9588526348,49.74993,6.6774163
9588526351,49.7519444,6.6831703
9588526379,49.7518365,6.6835418
9588526386,49.7519522,6.6836644
9589542590,49.7536084,6.6659382
9589542595,49.7538382,6.6663127
9589791265,49.7319006,6.6299871
9589791312,49.7392971,6.6292781
9589791421,49.738995,6.6293793
9589791423,49.7390262,6.6293069
9590032622,49.8281862,6.7064667
9590032632,49.8280774,6.7069756
9590032644,49.8279891,6.7064291
9590032693,49.8258134,6.7040952
9590032748,49.824075,6.7042611
9590032755,49.824149,6.7043
9590032781,49.8225897,6.7031742
9590032822,49.817399,6.6978243
9590032831,49.8173659,6.6981377
9590032867,49.8122489,6.6900267
9590032874,49.8125331,6.6902008
9604788301,49.7155095,6.6308505
9856202107,49.7965638,6.6837182
10095540096,49.7208797,6.6327868
10095540114,49.7191904,6.6329044
10286199644,49.7687237,6.6572427
10768570402,49.756867,6.6374965
10768965666,49.7564455,6.6369447
11074626859,49.720341,6.6312804
11074626892,49.7185348,6.6309786
11074980791,49.7813269,6.6346979
11422711158,49.7563705,6.6378153
11691563563,49.7511002,6.6389618
11738265529,49.7215404,6.6347983
11738265535,49.7213216,6.6354454
11738265552,49.7218055,6.6347833
11765859771,49.7568835,6.6373654
11886903134,49.7611203,6.649549
